0,0.0,0.0,0.18571428571428572,-0.1,0.3238095238095238,-0.2714285714285714,0.40476190476190477,-0.4142857142857143,0.49047619047619045,-0.49523809523809526,0.1523809523809524,-0.5142857142857142,0.2,-0.7142857142857143,0.21904761904761905,-0.8285714285714286,0.23333333333333334,-0.9333333333333333,0.02857142857142857,-0.5285714285714286,0.02857142857142857,-0.7523809523809524,0.02857142857142857,-0.8857142857142857,0.023809523809523808,-1.0,-0.08095238095238096,-0.49047619047619045,-0.11428571428571428,-0.6952380952380952,-0.12857142857142856,-0.8142857142857143,-0.13333333333333333,-0.9238095238095239,-0.18571428571428572,-0.4142857142857143,-0.24285714285714285,-0.5523809523809524,-0.2714285714285714,-0.6523809523809524,-0.2904761904761905,-0.7428571428571429
0,0.0,0.0,0.20603015075376885,-0.05527638190954774,0.38190954773869346,-0.18090452261306533,0.507537688442211,-0.2814070351758794,0.6130653266331658,-0.32160804020100503,0.271356783919598,-0.48743718592964824,0.36180904522613067,-0.6733668341708543,0.40703517587939697,-0.7889447236180904,0.44221105527638194,-0.8894472361809045,0.15577889447236182,-0.5376884422110553,0.21105527638190955,-0.7537688442211056,0.24623115577889448,-0.8844221105527639,0.27638190954773867,-1.0,0.035175879396984924,-0.5276381909547738,0.06532663316582915,-0.7286432160804021,0.08542713567839195,-0.8542713567839196,0.11055276381909548,-0.9597989949748744,-0.08040201005025126,-0.47738693467336685,-0.10050251256281408,-0.6331658291457286,-0.10050251256281408,-0.7437185929648241,-0.08542713567839195,-0.8492462311557789
0,0.0,0.0,0.20454545454545456,-0.0625,0.3806818181818182,-0.18181818181818182,0.5113636363636364,-0.2784090909090909,0.625,-0.3068181818181818,0.2215909090909091,-0.4943181818181818,0.29545454545454547,-0.6818181818181818,0.32386363636363635,-0.8011363636363636,0.3522727272727273,-0.9034090909090909,0.09659090909090909,-0.5284090909090909,0.125,-0.75,0.14772727272727273,-0.8806818181818182,0.1590909090909091,-1.0,-0.022727272727272728,-0.5113636363636364,-0.045454545454545456,-0.7102272727272727,-0.05113636363636364,-0.8352272727272727,-0.05113636363636364,-0.9431818181818182,-0.13636363636363635,-0.4431818181818182,-0.2159090909090909,-0.5852272727272727,-0.2556818181818182,-0.6875,-0.2840909090909091,-0.7784090909090909
0,0.0,0.0,0.20441988950276244,-0.0718232044198895,0.3756906077348066,-0.20441988950276244,0.5082872928176796,-0.30939226519337015,0.6243093922651933,-0.3425414364640884,0.20441988950276244,-0.5027624309392266,0.26519337016574585,-0.6961325966850829,0.292817679558011,-0.8176795580110497,0.3149171270718232,-0.9171270718232044,0.07734806629834254,-0.5359116022099447,0.09944751381215469,-0.7513812154696132,0.11049723756906077,-0.8839779005524862,0.12154696132596685,-1.0,-0.03867403314917127,-0.5082872928176796,-0.06077348066298342,-0.7071823204419889,-0.0718232044198895,-0.8342541436464088,-0.0718232044198895,-0.9337016574585635,-0.15469613259668508,-0.4419889502762431,-0.23204419889502761,-0.580110497237569,-0.27624309392265195,-0.6740331491712708,-0.30386740331491713,-0.7624309392265194
0,0.0,0.0,0.20218579234972678,-0.07650273224043716,0.37158469945355194,-0.20765027322404372,0.4918032786885246,-0.3114754098360656,0.6010928961748634,-0.3442622950819672,0.19672131147540983,-0.5027322404371585,0.2568306010928962,-0.6994535519125683,0.2786885245901639,-0.819672131147541,0.3005464480874317,-0.9234972677595629,0.06557377049180328,-0.5355191256830601,0.08743169398907104,-0.7540983606557377,0.09289617486338798,-0.8852459016393442,0.09836065573770492,-1.0,-0.04918032786885246,-0.5081967213114754,-0.07650273224043716,-0.6994535519125683,-0.08743169398907104,-0.825136612021858,-0.09289617486338798,-0.9289617486338798,-0.15846994535519127,-0.4371584699453552,-0.23497267759562843,-0.5737704918032787,-0.2786885245901639,-0.6666666666666666,-0.3114754098360656,-0.7595628415300546
0,0.0,0.0,0.20218579234972678,-0.060109289617486336,0.3770491803278688,-0.18579234972677597,0.5027322404371585,-0.28415300546448086,0.6065573770491803,-0.3114754098360656,0.2185792349726776,-0.4972677595628415,0.28415300546448086,-0.6885245901639344,0.31693989071038253,-0.8087431693989071,0.3442622950819672,-0.912568306010929,0.09289617486338798,-0.5355191256830601,0.12021857923497267,-0.7540983606557377,0.1366120218579235,-0.8852459016393442,0.14754098360655737,-1.0,-0.0273224043715847,-0.5136612021857924,-0.04918032786885246,-0.7103825136612022,-0.0546448087431694,-0.8415300546448088,-0.060109289617486336,-0.9453551912568307,-0.1366120218579235,-0.44808743169398907,-0.21311475409836064,-0.5901639344262295,-0.2568306010928962,-0.6885245901639344,-0.28415300546448086,-0.7868852459016393
0,0.0,0.0,0.20652173913043478,-0.07065217391304347,0.375,-0.20652173913043478,0.5,-0.30978260869565216,0.6086956521739131,-0.34782608695652173,0.1956521739130435,-0.5,0.2554347826086957,-0.6956521739130435,0.2826086956521739,-0.8206521739130435,0.29891304347826086,-0.9239130434782609,0.07065217391304347,-0.532608695652174,0.09239130434782608,-0.75,0.09782608695652174,-0.8804347826086957,0.10326086956521739,-1.0,-0.04891304347826087,-0.5054347826086957,-0.07065217391304347,-0.7010869565217391,-0.08695652173913043,-0.8260869565217391,-0.09239130434782608,-0.9293478260869565,-0.15760869565217392,-0.43478260869565216,-0.23369565217391305,-0.5706521739130435,-0.2826086956521739,-0.6684782608695652,-0.31521739130434784,-0.7608695652173914
0,0.0,0.0,0.20652173913043478,-0.04891304347826087,0.3858695652173913,-0.16304347826086957,0.5163043478260869,-0.2554347826086957,0.6304347826086957,-0.27717391304347827,0.25,-0.4891304347826087,0.33152173913043476,-0.6739130434782609,0.3695652173913043,-0.7934782608695652,0.40217391304347827,-0.8967391304347826,0.13043478260869565,-0.532608695652174,0.16847826086956522,-0.7554347826086957,0.1956521739130435,-0.8858695652173914,0.21739130434782608,-1.0,0.010869565217391304,-0.5217391304347826,0.0,-0.7282608695652174,0.0,-0.8532608695652174,0.010869565217391304,-0.9565217391304348,-0.10869565217391304,-0.4673913043478261,-0.1793478260869565,-0.6141304347826086,-0.21195652173913043,-0.717391304347826,-0.22826086956521738,-0.8206521739130435
0,0.0,0.0,0.21081081081081082,-0.05405405405405406,0.3891891891891892,-0.17297297297297298,0.518918918918919,-0.2648648648648649,0.6216216216216216,-0.2918918918918919,0.23783783783783785,-0.4864864864864865,0.3081081081081081,-0.6810810810810811,0.34594594594594597,-0.8,0.3783783783783784,-0.9027027027027027,0.11891891891891893,-0.5297297297297298,0.15675675675675677,-0.7513513513513513,0.1783783783783784,-0.8864864864864865,0.1945945945945946,-1.0,-0.005405405405405406,-0.5135135135135135,-0.016216216216216217,-0.7243243243243244,-0.010810810810810811,-0.8540540540540541,-0.005405405405405406,-0.9567567567567568,-0.12432432432432433,-0.4540540540540541,-0.1891891891891892,-0.6,-0.22702702702702704,-0.7027027027027027,-0.25405405405405407,-0.8
0,0.0,0.0,0.20212765957446807,-0.06382978723404255,0.3776595744680851,-0.19680851063829788,0.5106382978723404,-0.2925531914893617,0.6276595744680851,-0.324468085106383,0.2127659574468085,-0.4946808510638298,0.28191489361702127,-0.6914893617021277,0.31382978723404253,-0.8138297872340425,0.3404255319148936,-0.9148936170212766,0.09042553191489362,-0.5319148936170213,0.11702127659574468,-0.7553191489361702,0.13297872340425532,-0.8882978723404256,0.14893617021276595,-1.0,-0.026595744680851064,-0.5106382978723404,-0.0425531914893617,-0.7180851063829787,-0.047872340425531915,-0.8457446808510638,-0.047872340425531915,-0.9468085106382979,-0.14361702127659576,-0.44680851063829785,-0.21808510638297873,-0.5904255319148937,-0.26595744680851063,-0.6861702127659575,-0.2925531914893617,-0.776595744680851
0,0.0,0.0,0.20418848167539266,-0.06282722513089005,0.3769633507853403,-0.18848167539267016,0.5026178010471204,-0.2774869109947644,0.6020942408376964,-0.3036649214659686,0.2198952879581152,-0.4973821989528796,0.2879581151832461,-0.6858638743455497,0.32460732984293195,-0.8010471204188482,0.3507853403141361,-0.9057591623036649,0.09424083769633508,-0.5340314136125655,0.1256544502617801,-0.7539267015706806,0.14659685863874344,-0.8848167539267016,0.16230366492146597,-1.0,-0.02617801047120419,-0.5130890052356021,-0.03664921465968586,-0.7172774869109948,-0.03664921465968586,-0.8429319371727748,-0.02617801047120419,-0.9528795811518325,-0.13612565445026178,-0.44502617801047123,-0.2094240837696335,-0.5916230366492147,-0.2513089005235602,-0.6963350785340314,-0.27225130890052357,-0.7905759162303665
0,0.0,0.0,0.19791666666666666,-0.06770833333333333,0.3697916666666667,-0.19791666666666666,0.4947916666666667,-0.296875,0.609375,-0.328125,0.20833333333333334,-0.5,0.2760416666666667,-0.6927083333333334,0.3072916666666667,-0.8125,0.3333333333333333,-0.9166666666666666,0.08333333333333333,-0.53125,0.109375,-0.75,0.125,-0.8802083333333334,0.13541666666666666,-1.0,-0.03125,-0.5104166666666666,-0.052083333333333336,-0.7083333333333334,-0.057291666666666664,-0.8385416666666666,-0.0625,-0.9479166666666666,-0.140625,-0.4427083333333333,-0.21875,-0.5885416666666666,-0.2604166666666667,-0.6875,-0.2864583333333333,-0.78125
0,0.0,0.0,0.19487179487179487,-0.06666666666666667,0.358974358974359,-0.2,0.48717948717948717,-0.29743589743589743,0.6,-0.3333333333333333,0.2,-0.49743589743589745,0.26666666666666666,-0.6871794871794872,0.30256410256410254,-0.8051282051282052,0.3282051282051282,-0.9128205128205128,0.07692307692307693,-0.5282051282051282,0.10256410256410256,-0.7487179487179487,0.11794871794871795,-0.882051282051282,0.13333333333333333,-1.0,-0.035897435897435895,-0.5076923076923077,-0.06153846153846154,-0.7076923076923077,-0.06666666666666667,-0.841025641025641,-0.06666666666666667,-0.9487179487179487,-0.14358974358974358,-0.441025641025641,-0.2205128205128205,-0.5846153846153846,-0.26153846153846155,-0.6871794871794872,-0.2923076923076923,-0.7846153846153846
0,0.0,0.0,0.19487179487179487,-0.06666666666666667,0.3641025641025641,-0.2,0.49230769230769234,-0.29743589743589743,0.6051282051282051,-0.3333333333333333,0.20512820512820512,-0.49230769230769234,0.2717948717948718,-0.6871794871794872,0.30256410256410254,-0.8051282051282052,0.3282051282051282,-0.9076923076923077,0.08205128205128205,-0.5282051282051282,0.10256410256410256,-0.7487179487179487,0.11794871794871795,-0.882051282051282,0.13333333333333333,-1.0,-0.035897435897435895,-0.5025641025641026,-0.05641025641025641,-0.7076923076923077,-0.06666666666666667,-0.8358974358974359,-0.06666666666666667,-0.9487179487179487,-0.14358974358974358,-0.4358974358974359,-0.2205128205128205,-0.5846153846153846,-0.26153846153846155,-0.6820512820512821,-0.2923076923076923,-0.7794871794871795
0,0.0,0.0,0.19487179487179487,-0.06666666666666667,0.3641025641025641,-0.2,0.49230769230769234,-0.30256410256410254,0.6051282051282051,-0.3333333333333333,0.20512820512820512,-0.49230769230769234,0.2717948717948718,-0.6871794871794872,0.30256410256410254,-0.8051282051282052,0.3282051282051282,-0.9076923076923077,0.08205128205128205,-0.5282051282051282,0.10256410256410256,-0.7487179487179487,0.11794871794871795,-0.882051282051282,0.1282051282051282,-1.0,-0.035897435897435895,-0.5076923076923077,-0.05641025641025641,-0.7076923076923077,-0.06666666666666667,-0.8358974358974359,-0.06666666666666667,-0.9487179487179487,-0.14358974358974358,-0.4358974358974359,-0.2205128205128205,-0.5846153846153846,-0.26153846153846155,-0.6820512820512821,-0.2923076923076923,-0.7794871794871795
1,0.0,0.0,0.07692307692307693,-0.27350427350427353,0.2222222222222222,-0.5811965811965812,0.3247863247863248,-0.811965811965812,0.3076923076923077,-1.0,0.42735042735042733,-0.6410256410256411,0.8376068376068376,-0.6153846153846154,0.8974358974358975,-0.452991452991453,0.8717948717948718,-0.37606837606837606,0.46153846153846156,-0.5128205128205128,0.905982905982906,-0.4444444444444444,0.9401709401709402,-0.28205128205128205,0.8632478632478633,-0.19658119658119658,0.48717948717948717,-0.3504273504273504,0.8974358974358975,-0.29914529914529914,0.9487179487179487,-0.15384615384615385,0.8974358974358975,-0.06837606837606838,0.5042735042735043,-0.15384615384615385,0.8290598290598291,-0.1282051282051282,0.9230769230769231,-0.05128205128205128,0.9572649572649573,-0.008547008547008548
1,0.0,0.0,0.06837606837606838,-0.2905982905982906,0.21367521367521367,-0.5897435897435898,0.3247863247863248,-0.8034188034188035,0.3247863247863248,-1.0,0.48717948717948717,-0.5897435897435898,0.8717948717948718,-0.5213675213675214,0.8632478632478633,-0.39316239316239315,0.7863247863247863,-0.358974358974359,0.5299145299145299,-0.452991452991453,0.9316239316239316,-0.3504273504273504,0.8974358974358975,-0.23931623931623933,0.7777777777777778,-0.20512820512820512,0.5470085470085471,-0.27350427350427353,0.9145299145299145,-0.19658119658119658,0.9145299145299145,-0.09401709401709402,0.8376068376068376,-0.05982905982905983,0.5384615384615384,-0.07692307692307693,0.8290598290598291,-0.02564102564102564,0.8974358974358975,0.03418803418803419,0.9230769230769231,0.042735042735042736
1,0.0,0.0,0.05217391304347826,-0.28695652173913044,0.20869565217391303,-0.5826086956521739,0.33043478260869563,-0.8,0.33043478260869563,-1.0,0.5043478260869565,-0.5826086956521739,0.8782608695652174,-0.5043478260869565,0.8434782608695652,-0.391304347826087,0.7478260869565218,-0.3652173913043478,0.5391304347826087,-0.4260869565217391,0.9391304347826087,-0.3217391304347826,0.8782608695652174,-0.21739130434782608,0.7478260869565218,-0.2,0.5565217391304348,-0.24347826086956523,0.9304347826086956,-0.1565217391304348,0.8956521739130435,-0.06086956521739131,0.782608695652174,-0.05217391304347826,0.5478260869565217,-0.05217391304347826,0.8521739130434782,0.017391304347826087,0.9043478260869565,0.0782608695652174,0.9043478260869565,0.0782608695652174
1,0.0,0.0,0.056910569105691054,-0.3252032520325203,0.1951219512195122,-0.6097560975609756,0.3170731707317073,-0.8130081300813008,0.34146341463414637,-1.0,0.5609756097560976,-0.5528455284552846,0.8292682926829268,-0.4715447154471545,0.7398373983739838,-0.3983739837398374,0.6260162601626016,-0.3983739837398374,0.6097560975609756,-0.36585365853658536,0.8455284552845529,-0.3008130081300813,0.7479674796747967,-0.25203252032520324,0.6260162601626016,-0.24390243902439024,0.6178861788617886,-0.17073170731707318,0.8211382113821138,-0.13821138211382114,0.7317073170731707,-0.0975609756097561,0.6178861788617886,-0.0975609756097561,0.6097560975609756,0.016260162601626018,0.7723577235772358,0.024390243902439025,0.6747967479674797,0.04065040650406504,0.5691056910569106,0.04065040650406504
1,0.0,0.0,0.12173913043478261,-0.33043478260869563,0.33043478260869563,-0.591304347826087,0.4956521739130435,-0.7913043478260869,0.5565217391304348,-1.0,0.6956521739130435,-0.48695652173913045,0.9391304347826087,-0.3565217391304348,0.8521739130434782,-0.2782608695652174,0.7478260869565218,-0.28695652173913044,0.7304347826086957,-0.2782608695652174,0.9391304347826087,-0.1565217391304348,0.8260869565217391,-0.11304347826086956,0.6956521739130435,-0.13043478260869565,0.7043478260869566,-0.06956521739130435,0.8695652173913043,0.017391304347826087,0.7652173913043478,0.043478260869565216,0.6434782608695652,0.017391304347826087,0.6695652173913044,0.1391304347826087,0.7913043478260869,0.17391304347826086,0.6782608695652174,0.1826086956521739,0.5652173913043478,0.1565217391304348
1,0.0,0.0,0.1415929203539823,-0.3274336283185841,0.36283185840707965,-0.5929203539823009,0.5398230088495575,-0.7876106194690266,0.6106194690265486,-1.0,0.7168141592920354,-0.48672566371681414,1.0,-0.3008849557522124,0.8938053097345132,-0.23008849557522124,0.7876106194690266,-0.25663716814159293,0.7433628318584071,-0.2743362831858407,0.9911504424778761,-0.10619469026548672,0.8672566371681416,-0.07079646017699115,0.7345132743362832,-0.09734513274336283,0.7168141592920354,-0.04424778761061947,0.9203539823008849,0.061946902654867256,0.7964601769911505,0.08849557522123894,0.672566371681416,0.04424778761061947,0.6637168141592921,0.1592920353982301,0.8141592920353983,0.22123893805309736,0.6991150442477876,0.23008849557522124,0.584070796460177,0.18584070796460178
1,0.0,0.0,0.12931034482758622,-0.31896551724137934,0.35344827586206895,-0.5862068965517241,0.5258620689655172,-0.7931034482758621,0.5775862068965517,-1.0,0.6896551724137931,-0.49137931034482757,0.9741379310344828,-0.3103448275862069,0.8793103448275862,-0.2413793103448276,0.7672413793103449,-0.27586206896551724,0.7155172413793104,-0.28448275862068967,0.9741379310344828,-0.1206896551724138,0.8448275862068966,-0.08620689655172414,0.7068965517241379,-0.1206896551724138,0.6896551724137931,-0.0603448275862069,0.896551724137931,0.05172413793103448,0.7758620689655172,0.07758620689655173,0.6551724137931034,0.034482758620689655,0.646551724137931,0.14655172413793102,0.8017241379310345,0.21551724137931033,0.6896551724137931,0.21551724137931033,0.5775862068965517,0.1810344827586207
1,0.0,0.0,0.059322033898305086,-0.3389830508474576,0.2288135593220339,-0.6016949152542372,0.3644067796610169,-0.8050847457627118,0.3983050847457627,-1.0,0.6610169491525424,-0.5254237288135594,0.864406779661017,-0.3898305084745763,0.788135593220339,-0.3135593220338983,0.6949152542372882,-0.2966101694915254,0.7203389830508474,-0.3220338983050847,0.8898305084745762,-0.211864406779661,0.788135593220339,-0.16101694915254236,0.6610169491525424,-0.15254237288135594,0.711864406779661,-0.11864406779661017,0.8389830508474576,-0.059322033898305086,0.7288135593220338,-0.025423728813559324,0.6101694915254238,-0.03389830508474576,0.6779661016949152,0.07627118644067797,0.7288135593220338,0.09322033898305085,0.6186440677966102,0.1016949152542373,0.5169491525423728,0.0847457627118644
1,0.0,0.0,0.1111111111111111,-0.35185185185185186,0.2962962962962963,-0.6111111111111112,0.42592592592592593,-0.8148148148148148,0.4722222222222222,-1.0,0.7685185185185185,-0.4722222222222222,0.9722222222222222,-0.32407407407407407,0.8888888888888888,-0.25925925925925924,0.7870370370370371,-0.25925925925925924,0.8055555555555556,-0.26851851851851855,0.9814814814814815,-0.1388888888888889,0.8703703703703703,-0.10185185185185185,0.7314814814814815,-0.1111111111111111,0.7777777777777778,-0.046296296296296294,0.9259259259259259,0.027777777777777776,0.8240740740740741,0.05555555555555555,0.6851851851851852,0.037037037037037035,0.7314814814814815,0.14814814814814814,0.8425925925925926,0.19444444444444445,0.7407407407407407,0.19444444444444445,0.6296296296296297,0.17592592592592593
1,0.0,0.0,0.10185185185185185,-0.35185185185185186,0.2962962962962963,-0.6111111111111112,0.4537037037037037,-0.8055555555555556,0.5,-1.0,0.7685185185185185,-0.48148148148148145,0.9907407407407407,-0.3148148148148148,0.8981481481481481,-0.25,0.7870370370370371,-0.25925925925925924,0.8055555555555556,-0.26851851851851855,0.9907407407407407,-0.12037037037037036,0.8796296296296297,-0.09259259259259259,0.7314814814814815,-0.1111111111111111,0.7777777777777778,-0.046296296296296294,0.9444444444444444,0.046296296296296294,0.8240740740740741,0.06481481481481481,0.6944444444444444,0.037037037037037035,0.7314814814814815,0.14814814814814814,0.8425925925925926,0.19444444444444445,0.7407407407407407,0.2037037037037037,0.6296296296296297,0.18518518518518517
1,0.0,0.0,0.10091743119266056,-0.3486238532110092,0.29357798165137616,-0.6055045871559633,0.44036697247706424,-0.8073394495412844,0.4954128440366973,-1.0,0.7706422018348624,-0.46788990825688076,0.981651376146789,-0.30275229357798167,0.8899082568807339,-0.23853211009174313,0.7798165137614679,-0.24770642201834864,0.7981651376146789,-0.25688073394495414,0.981651376146789,-0.11926605504587157,0.8623853211009175,-0.08256880733944955,0.7247706422018348,-0.11009174311926606,0.7706422018348624,-0.045871559633027525,0.9174311926605505,0.045871559633027525,0.8073394495412844,0.06422018348623854,0.6788990825688074,0.03669724770642202,0.7155963302752294,0.1559633027522936,0.8165137614678899,0.1926605504587156,0.7064220183486238,0.2018348623853211,0.5963302752293578,0.1743119266055046
1,0.0,0.0,0.09259259259259259,-0.35185185185185186,0.2962962962962963,-0.6111111111111112,0.4444444444444444,-0.8055555555555556,0.5,-1.0,0.7685185185185185,-0.4722222222222222,0.9907407407407407,-0.3148148148148148,0.8981481481481481,-0.24074074074074073,0.7870370370370371,-0.24074074074074073,0.8055555555555556,-0.26851851851851855,0.9814814814814815,-0.12037037037037036,0.8703703703703703,-0.08333333333333333,0.7314814814814815,-0.10185185185185185,0.7777777777777778,-0.046296296296296294,0.9259259259259259,0.046296296296296294,0.8148148148148148,0.07407407407407407,0.6851851851851852,0.046296296296296294,0.7222222222222222,0.1574074074074074,0.8240740740740741,0.19444444444444445,0.7129629629629629,0.2037037037037037,0.6018518518518519,0.18518518518518517
1,0.0,0.0,0.10185185185185185,-0.35185185185185186,0.2962962962962963,-0.6111111111111112,0.4537037037037037,-0.8055555555555556,0.5092592592592593,-1.0,0.7777777777777778,-0.4722222222222222,1.0,-0.3055555555555556,0.9074074074074074,-0.23148148148148148,0.7962962962962963,-0.23148148148148148,0.8148148148148148,-0.25925925925925924,0.9907407407407407,-0.1111111111111111,0.8796296296296297,-0.07407407407407407,0.7314814814814815,-0.09259259259259259,0.7870370370370371,-0.037037037037037035,0.9259259259259259,0.05555555555555555,0.8148148148148148,0.08333333333333333,0.6851851851851852,0.05555555555555555,0.7314814814814815,0.1574074074074074,0.8148148148148148,0.21296296296296297,0.7037037037037037,0.21296296296296297,0.5925925925925926,0.18518518518518517
3,0.0,0.0,0.15611814345991562,-0.0759493670886076,0.28270042194092826,-0.2109704641350211,0.31223628691983124,-0.33755274261603374,0.23628691983122363,-0.4345991561181435,0.21518987341772153,-0.5232067510548524,0.24050632911392406,-0.7383966244725738,0.2489451476793249,-0.8818565400843882,0.24472573839662448,-1.0,0.08016877637130802,-0.4978902953586498,0.0759493670886076,-0.6371308016877637,0.12658227848101267,-0.4767932489451477,0.16033755274261605,-0.3459915611814346,-0.04219409282700422,-0.43037974683544306,-0.046413502109704644,-0.5147679324894515,0.029535864978902954,-0.3670886075949367,0.08438818565400844,-0.25316455696202533,-0.1518987341772152,-0.3333333333333333,-0.14767932489451477,-0.3881856540084388,-0.05907172995780591,-0.3080168776371308,0.008438818565400843,-0.24472573839662448
3,0.0,0.0,0.15611814345991562,-0.0759493670886076,0.28270042194092826,-0.2109704641350211,0.32489451476793246,-0.34177215189873417,0.25316455696202533,-0.4345991561181435,0.21940928270042195,-0.5147679324894515,0.24472573839662448,-0.7383966244725738,0.25738396624472576,-0.8860759493670886,0.25316455696202533,-1.0,0.08860759493670886,-0.48945147679324896,0.08860759493670886,-0.6455696202531646,0.14345991561181434,-0.48523206751054854,0.1729957805907173,-0.35443037974683544,-0.0379746835443038,-0.42616033755274263,-0.029535864978902954,-0.5189873417721519,0.05063291139240506,-0.37130801687763715,0.10548523206751055,-0.25738396624472576,-0.14767932489451477,-0.3291139240506329,-0.1350210970464135,-0.4008438818565401,-0.04219409282700422,-0.3206751054852321,0.029535864978902954,-0.25738396624472576
3,0.0,0.0,0.18471337579617833,-0.07643312101910828,0.31210191082802546,-0.21656050955414013,0.3821656050955414,-0.3503184713375796,0.4012738853503185,-0.4840764331210191,0.2611464968152866,-0.5159235668789809,0.3057324840764331,-0.7452229299363057,0.3184713375796178,-0.8853503184713376,0.31210191082802546,-1.0,0.12738853503184713,-0.5095541401273885,0.1464968152866242,-0.6815286624203821,0.1910828025477707,-0.5414012738853503,0.21656050955414013,-0.4140127388535032,0.006369426751592357,-0.4585987261146497,0.01910828025477707,-0.5859872611464968,0.08917197452229299,-0.45222929936305734,0.12101910828025478,-0.3375796178343949,-0.11464968152866242,-0.3821656050955414,-0.09554140127388536,-0.47770700636942676,-0.01910828025477707,-0.39490445859872614,0.025477707006369428,-0.3248407643312102
3,0.0,0.0,0.17721518987341772,-0.06329113924050633,0.3227848101265823,-0.2088607594936709,0.43670886075949367,-0.33544303797468356,0.5506329113924051,-0.41139240506329117,0.25949367088607594,-0.5,0.2974683544303797,-0.7278481012658228,0.2974683544303797,-0.8734177215189873,0.2974683544303797,-1.0,0.13291139240506328,-0.4873417721518987,0.16455696202531644,-0.6392405063291139,0.20253164556962025,-0.4873417721518987,0.21518987341772153,-0.34810126582278483,0.012658227848101266,-0.43670886075949367,0.04430379746835443,-0.5379746835443038,0.10126582278481013,-0.3860759493670886,0.13924050632911392,-0.25949367088607594,-0.10759493670886076,-0.3670886075949367,-0.06962025316455696,-0.44936708860759494,0.0,-0.34810126582278483,0.056962025316455694,-0.25949367088607594
3,0.0,0.0,0.23776223776223776,-0.027972027972027972,0.46853146853146854,-0.13986013986013987,0.6433566433566433,-0.2097902097902098,0.8041958041958042,-0.23776223776223776,0.45454545454545453,-0.4825174825174825,0.5594405594405595,-0.7202797202797203,0.6083916083916084,-0.8741258741258742,0.6363636363636364,-1.0,0.3146853146853147,-0.5174825174825175,0.4125874125874126,-0.6363636363636364,0.4125874125874126,-0.45454545454545453,0.38461538461538464,-0.3076923076923077,0.16783216783216784,-0.5034965034965035,0.26573426573426573,-0.5734265734265734,0.27972027972027974,-0.38461538461538464,0.26573426573426573,-0.24475524475524477,0.013986013986013986,-0.46853146853146854,0.11188811188811189,-0.5104895104895105,0.16783216783216784,-0.3706293706293706,0.1888111888111888,-0.26573426573426573
3,0.0,0.0,0.2764227642276423,0.0,0.5691056910569106,-0.08943089430894309,0.7967479674796748,-0.13821138211382114,0.983739837398374,-0.11382113821138211,0.6341463414634146,-0.4715447154471545,0.8292682926829268,-0.7073170731707317,0.926829268292683,-0.8617886178861789,1.0,-1.0,0.4796747967479675,-0.5365853658536586,0.6016260162601627,-0.6666666666666666,0.5447154471544715,-0.4715447154471545,0.4634146341463415,-0.3008130081300813,0.3089430894308943,-0.5528455284552846,0.4146341463414634,-0.6178861788617886,0.37398373983739835,-0.4065040650406504,0.3252032520325203,-0.25203252032520324,0.13008130081300814,-0.5447154471544715,0.21951219512195122,-0.5853658536585366,0.23577235772357724,-0.4146341463414634,0.23577235772357724,-0.2845528455284553
3,0.0,0.0,0.16091954022988506,-0.10344827586206896,0.26436781609195403,-0.27586206896551724,0.3333333333333333,-0.41954022988505746,0.40804597701149425,-0.5229885057471264,0.14942528735632185,-0.5229885057471264,0.14367816091954022,-0.7528735632183908,0.12643678160919541,-0.8908045977011494,0.09770114942528736,-1.0,0.028735632183908046,-0.4885057471264368,0.017241379310344827,-0.632183908045977,0.07471264367816093,-0.4942528735632184,0.11494252873563218,-0.3620689655172414,-0.08045977011494253,-0.42528735632183906,-0.06896551724137931,-0.5114942528735632,0.017241379310344827,-0.367816091954023,0.07471264367816093,-0.25862068965517243,-0.1724137931034483,-0.3333333333333333,-0.14942528735632185,-0.40229885057471265,-0.06321839080459771,-0.3103448275862069,0.005747126436781609,-0.23563218390804597
3,0.0,0.0,0.1951219512195122,-0.07317073170731707,0.35365853658536583,-0.22560975609756098,0.4695121951219512,-0.36585365853658536,0.5792682926829268,-0.4573170731707317,0.2865853658536585,-0.5060975609756098,0.3475609756097561,-0.7378048780487805,0.36585365853658536,-0.8780487804878049,0.3719512195121951,-1.0,0.1524390243902439,-0.49390243902439024,0.16463414634146342,-0.6524390243902439,0.18292682926829268,-0.49390243902439024,0.18902439024390244,-0.35365853658536583,0.03048780487804878,-0.4451219512195122,0.036585365853658534,-0.5365853658536586,0.09146341463414634,-0.3719512195121951,0.12195121951219512,-0.25,-0.09146341463414634,-0.3719512195121951,-0.07926829268292683,-0.43902439024390244,-0.012195121951219513,-0.3231707317073171,0.042682926829268296,-0.23780487804878048
3,0.0,0.0,0.1797752808988764,-0.08426966292134831,0.3146067415730337,-0.24157303370786518,0.4101123595505618,-0.37640449438202245,0.4943820224719101,-0.47191011235955055,0.21910112359550563,-0.5112359550561798,0.24719101123595505,-0.7415730337078652,0.25280898876404495,-0.8820224719101124,0.24719101123595505,-1.0,0.09550561797752809,-0.4887640449438202,0.09550561797752809,-0.6235955056179775,0.1348314606741573,-0.47191011235955055,0.15730337078651685,-0.33707865168539325,-0.02247191011235955,-0.43258426966292135,-0.011235955056179775,-0.5056179775280899,0.056179775280898875,-0.34831460674157305,0.09550561797752809,-0.23595505617977527,-0.12921348314606743,-0.34831460674157305,-0.11235955056179775,-0.398876404494382,-0.03932584269662921,-0.29775280898876405,0.016853932584269662,-0.21910112359550563
3,0.0,0.0,0.17222222222222222,-0.08333333333333333,0.3111111111111111,-0.2388888888888889,0.40555555555555556,-0.37222222222222223,0.5,-0.45555555555555555,0.21666666666666667,-0.5055555555555555,0.24444444444444444,-0.7388888888888889,0.25,-0.8833333333333333,0.2388888888888889,-1.0,0.08888888888888889,-0.4888888888888889,0.08888888888888889,-0.6111111111111112,0.12777777777777777,-0.45,0.15,-0.3111111111111111,-0.027777777777777776,-0.42777777777777776,-0.016666666666666666,-0.4888888888888889,0.044444444444444446,-0.3333333333333333,0.08333333333333333,-0.21666666666666667,-0.13333333333333333,-0.35,-0.11666666666666667,-0.39444444444444443,-0.044444444444444446,-0.2833333333333333,0.005555555555555556,-0.20555555555555555
